{
    "Test Statistic": 2.8643085078972637,
    "p-value": 1.0,
    "used_lag": 15,
    "n_obs": 308,
    "critical_values": {
        "1%": -3.45176116018037,
        "5%": -2.870970093607691,
        "10%": -2.571794416006072
    },
    "ic_best": 3570.218090367952
}