{
    "Test Statistic": -1.242548351956147,
    "p-value": 0.6550300653192425,
    "used_lag": 17,
    "n_obs": 570,
    "critical_values": {
        "1%": -3.441874550188182,
        "5%": -2.8666239496633246,
        "10%": -2.569477593105571
    },
    "ic_best": 10721.402094747655
}