{
    "TRFVOLUSM227NFWA": {
        "count": 588.0,
        "mean": 190420.38095238095,
        "std": 57795.538933594566,
        "min": 77442.0,
        "25%": 133579.0,
        "50%": 196797.5,
        "75%": 243211.5,
        "max": 288145.0
    }
}