{
    "beer": {
        "count": 324.0,
        "mean": 2972.895061728395,
        "std": 1010.21857432005,
        "min": 1501.0,
        "25%": 2109.0,
        "50%": 2791.0,
        "75%": 3627.25,
        "max": 6370.0
    }
}